{
  "wallLengthMm": 5161.373059288181,
  "commandTypes": ["createWall"],
  "projectionModes": ["plane"],
  "first": {
    "phase": "wall-start",
    "atMs": 4112.800000011921,
    "camera": {
      "position": {
        "x": 7.791051064307958,
        "y": 25.477549514634283,
        "z": 6.117258632938169
      },
      "target": {
        "x": 7.2,
        "y": 4,
        "z": 4.5
      },
      "up": {
        "x": 0,
        "y": 1,
        "z": 0
      },
      "direction": {
        "x": -0.027431467868934988,
        "y": -0.9968017063026193,
        "z": -0.0750591292431647
      },
      "azimuth": 6.633570236929829,
      "elevation": 1.4907963267948965,
      "radius": 21.54646142641524
    },
    "screen": {
      "x": 614.8800048828125,
      "y": 672.0999755859375
    },
    "point": {
      "xMm": 5160.678221473425,
      "yMm": 6319.113773498879
    },
    "levelInfo": {
      "id": "hf-lvl-ground",
      "elevationMm": 0,
      "name": "Ground Floor"
    },
    "projection": {
      "mode": "plane",
      "scaleXMmPerPx": 21.685808386913255,
      "scaleYMmPerPx": 21.64798955476686,
      "anisotropyRatio": 1.001746990502315,
      "verticalLook": 0.9968017063026193
    },
    "rawMmPerPx": 21.68580838691072
  },
  "last": {
    "phase": "wall-commit",
    "atMs": 4675.199999988079,
    "camera": {
      "position": {
        "x": 7.934855149607744,
        "y": 25.477549514634283,
        "z": 6.057194514351879
      },
      "target": {
        "x": 7.2,
        "y": 4,
        "z": 4.5
      },
      "up": {
        "x": 0,
        "y": 1,
        "z": 0
      },
      "direction": {
        "x": -0.03410560718368519,
        "y": -0.9968017063026194,
        "z": -0.07227147342360396
      },
      "azimuth": 6.724109193661794,
      "elevation": 1.4907963267948965,
      "radius": 21.54646142641524
    },
    "command": {
      "type": "createWall",
      "id": "wall-3d-mp4cyup4-8qjg",
      "levelId": "hf-lvl-ground",
      "start": {
        "xMm": 5160.678221473425,
        "yMm": 6319.113773498879
      },
      "end": {
        "xMm": 10304.825932097501,
        "yMm": 5897.787073149958
      },
      "locationLine": "wall-centerline",
      "heightMm": 2800
    },
    "startScreen": {
      "x": 614.8800048828125,
      "y": 672.0999755859375
    },
    "endScreen": {
      "x": 834.47998046875,
      "y": 745.4199829101562
    },
    "projection": {
      "mode": "plane",
      "scaleXMmPerPx": 21.685808386913255,
      "scaleYMmPerPx": 21.64798955476686,
      "anisotropyRatio": 1.001746990502315,
      "verticalLook": 0.9968017063026193
    },
    "lengthMm": 5161.373059288181
  }
}
