{
  "createWallCount": 1,
  "commandTypes": ["createWall"],
  "screenDrag": {
    "start": {
      "x": 1194.8000000000002,
      "y": 785.44
    },
    "end": {
      "x": 1443.6799999999998,
      "y": 858.76
    }
  },
  "wallVolumePreviewVisible": true,
  "wallLengthMm": 5516.96836530216,
  "commands": [
    {
      "type": "createWall",
      "id": "wall-3d-mp4bwd66-7afr",
      "levelId": "hf-lvl-ground",
      "start": {
        "xMm": 6226.568714831564,
        "yMm": 6066.762573844527
      },
      "end": {
        "xMm": 10664.63375634215,
        "yMm": 2789.48952585685
      },
      "locationLine": "wall-centerline",
      "heightMm": 2800
    }
  ]
}
