{
  "commandTypes": ["createWall"],
  "createWallCount": 1,
  "wallLengthMm": 7173.602905273436,
  "tracePhases": [
    "wall-start",
    "wall-preview",
    "wall-preview",
    "wall-preview",
    "wall-preview",
    "wall-preview",
    "wall-preview",
    "wall-preview",
    "wall-preview",
    "wall-preview",
    "wall-preview",
    "wall-preview",
    "wall-preview",
    "wall-preview",
    "wall-preview",
    "wall-preview",
    "wall-preview",
    "wall-preview",
    "wall-preview",
    "wall-preview",
    "wall-preview",
    "wall-preview",
    "wall-preview",
    "wall-preview",
    "wall-preview",
    "wall-preview",
    "wall-preview",
    "wall-commit"
  ],
  "projectionModes": ["elevation-axis"],
  "firstTrace": {
    "phase": "wall-start",
    "atMs": 7030.599999964237,
    "camera": {
      "position": {
        "x": 20.499999999999996,
        "y": 9.600000000000001,
        "z": -11.5
      },
      "target": {
        "x": 7.2,
        "y": 4,
        "z": 4.5
      },
      "up": {
        "x": 0,
        "y": 1,
        "z": 0
      },
      "direction": {
        "x": -0.6172707312252508,
        "y": -0.2599034657790531,
        "z": 0.7425813307972944
      },
      "azimuth": 2.4480851460024065,
      "elevation": 0.26292223184335634,
      "radius": 21.54646142641524
    },
    "screen": {
      "x": 702.719970703125,
      "y": 513.239990234375
    },
    "point": {
      "xMm": -12231.443008340148,
      "yMm": 29963.598873675273
    },
    "levelInfo": {
      "id": "hf-lvl-ground",
      "elevationMm": 0,
      "name": "Ground Floor"
    },
    "projection": {
      "mode": "elevation-axis",
      "scaleXMmPerPx": 45.5724754080458,
      "scaleYMmPerPx": 240.7513761278124,
      "anisotropyRatio": 5.2828242041315105,
      "verticalLook": 0.2599034657790531
    },
    "basis": {
      "mode": "elevation-axis",
      "originScreen": {
        "x": 702.719970703125,
        "y": 513.239990234375
      },
      "originPointMm": {
        "xMm": -12231.443008340148,
        "yMm": 29963.598873675273
      },
      "xPerPx": {
        "xMm": -26.915301574501417,
        "yMm": -22.37334443380429
      },
      "yPerPx": {
        "xMm": 0,
        "yMm": 0
      },
      "scaleMmPerPx": 35,
      "projection": {
        "mode": "elevation-axis",
        "scaleXMmPerPx": 45.5724754080458,
        "scaleYMmPerPx": 240.7513761278124,
        "anisotropyRatio": 5.2828242041315105,
        "verticalLook": 0.2599034657790531
      }
    },
    "rawMmPerPx": 242.86183916400324
  },
  "lastTrace": {
    "phase": "wall-commit",
    "atMs": 7643.199999988079,
    "camera": {
      "position": {
        "x": 20.499999999999996,
        "y": 9.600000000000001,
        "z": -11.5
      },
      "target": {
        "x": 7.2,
        "y": 4,
        "z": 4.5
      },
      "up": {
        "x": 0,
        "y": 1,
        "z": 0
      },
      "direction": {
        "x": -0.6172707312252508,
        "y": -0.2599034657790531,
        "z": 0.7425813307972944
      },
      "azimuth": 2.4480851460024065,
      "elevation": 0.26292223184335634,
      "radius": 21.54646142641524
    },
    "command": {
      "type": "createWall",
      "id": "wall-3d-mp4cy8ke-iwer",
      "levelId": "hf-lvl-ground",
      "start": {
        "xMm": -12231.443008340148,
        "yMm": 29963.598873675273
      },
      "end": {
        "xMm": -17748.005453230264,
        "yMm": 25377.95634136037
      },
      "locationLine": "wall-centerline",
      "heightMm": 2800
    },
    "startScreen": {
      "x": 702.719970703125,
      "y": 513.239990234375
    },
    "endScreen": {
      "x": 907.6800537109375,
      "y": 708.760009765625
    },
    "projection": {
      "mode": "elevation-axis",
      "scaleXMmPerPx": 45.5724754080458,
      "scaleYMmPerPx": 240.7513761278124,
      "anisotropyRatio": 5.2828242041315105,
      "verticalLook": 0.2599034657790531
    },
    "basis": {
      "mode": "elevation-axis",
      "originScreen": {
        "x": 702.719970703125,
        "y": 513.239990234375
      },
      "originPointMm": {
        "xMm": -12231.443008340148,
        "yMm": 29963.598873675273
      },
      "xPerPx": {
        "xMm": -26.915301574501417,
        "yMm": -22.37334443380429
      },
      "yPerPx": {
        "xMm": 0,
        "yMm": 0
      },
      "scaleMmPerPx": 35,
      "projection": {
        "mode": "elevation-axis",
        "scaleXMmPerPx": 45.5724754080458,
        "scaleYMmPerPx": 240.7513761278124,
        "anisotropyRatio": 5.2828242041315105,
        "verticalLook": 0.2599034657790531
      }
    },
    "lengthMm": 7173.602905273436
  },
  "commands": [
    {
      "type": "createWall",
      "id": "wall-3d-mp4cy8ke-iwer",
      "levelId": "hf-lvl-ground",
      "start": {
        "xMm": -12231.443008340148,
        "yMm": 29963.598873675273
      },
      "end": {
        "xMm": -17748.005453230264,
        "yMm": 25377.95634136037
      },
      "locationLine": "wall-centerline",
      "heightMm": 2800
    }
  ]
}
